Species1,Species2,Distance.km,Distance.e,fst
Prescott,Pinal,189.7807741,0.992323959,0.0063861
Prescott,Santa_Catalina,271.2993221,1.011946204,-0.0314302
Prescott,Santa_Rita,333.8529873,1.575358048,0.0227098
Prescott,Huachuca,386.5103599,2.152681496,0.029004
Prescott,Chiricahua,412.3748936,1.38422346,0.0106402
Prescott,Pinaleno,306.9631887,1.436457124,0.0276744
Prescott,Mog_West,92.05440687,0.354706362,-0.00826337
Prescott,Mog_East,294.9637718,1.391333998,0.0273841
Pinal,Santa_Catalina,97.64698449,1.039721231,0.0212411
Pinal,Santa_Rita,176.8523137,1.359914527,0.0384384
Pinal,Huachuca,213.935969,1.464282883,0.0428833
Pinal,Chiricahua,223.3346644,1.097199114,0.0339961
Pinal,Pinaleno,117.758861,0.952219152,0.0471872
Pinal,Mog_West,141.7667995,1.280900226,0.0296063
Pinal,Mog_East,163.9461048,2.285523249,0.0694026
Santa_Catalina,Santa_Rita,81.32156916,0.622446246,0.0300679
Santa_Catalina,Huachuca,117.6874314,1.657499175,0.0303138
Santa_Catalina,Chiricahua,152.3839865,1.010572292,0.0272581
Santa_Catalina,Pinaleno,89.55959759,1.605954359,0.0433166
Santa_Catalina,Mog_West,237.9037381,1.303001035,0.016818
Santa_Catalina,Mog_East,215.1961904,1.806289405,0.0479033
Santa_Rita,Huachuca,63.46855729,1.328917273,0.0244228
Santa_Rita,Chiricahua,149.71828,0.906171526,0.0325379
Santa_Rita,Pinaleno,147.9591982,1.721152535,0.0471827
Santa_Rita,Mog_West,313.2751971,1.881136749,0.0389575
Santa_Rita,Mog_East,289.16469,2.187940353,0.0613578
Huachuca,Chiricahua,101.5403343,0.911637521,0.0382558
Huachuca,Pinaleno,146.6993105,1.201893142,0.0448104
Huachuca,Mog_West,355.2467589,2.478527308,0.0417773
Huachuca,Mog_East,292.9498411,2.959753299,0.0697459
Chiricahua,Pinaleno,112.8315069,0.931640729,0.0678155
Chiricahua,Mog_West,359.3910603,1.702682061,0.0310146
Chiricahua,Mog_East,238.0407957,2.054999076,0.084569
Pinaleno,Mog_West,247.6686215,1.689628814,0.0530521
Pinaleno,Mog_East,146.376854,2.374614378,0.0873462
Mog_West,Mog_East,207.3558036,1.291157072,0.0565079